Model,Prompt,Tier,Avg_Latency_s,Avg_Tokens_per_s,Avg_CPU_%,Avg_RAM_%,Avg_Temp_C,Accuracy_%,Performance_Score,family,Family,TokensNorm,AccNorm,LatNorm,RAMNorm,Normalized_Weighted_Score
qwen3:0.6b,What is the capital of Japan?,tier_1_simple,0.3792333602905273,4.143388497721396,1.0,22.35,58.98350128441993,83.86218172885604,89.27127903677271,qwen,qwen,0.10630566894785783,0.6817089337951893,0.3039746924440191,0.18000000000000113,0.468240009228896
qwen3:0.6b,Convert 45 degrees Celsius to Fahrenheit.,tier_1_simple,0.907909631729126,22.055091130723984,9.0,22.3,59.25464905435439,63.1227248437681,151.66824714829335,qwen,qwen,0.7254017256802022,0.086060565313078,0.7522278440122074,0.16000000000000086,0.44953329106356277
qwen3:0.6b,Summarize what a neural network is in one sentence.,tier_1_simple,1.01440167427063,25.04425687512093,5.65,22.3,57.09180116473424,67.66228877865574,165.418681313439,qwen,qwen,0.8287185774163308,0.2164392857597195,0.8425201386829488,0.16000000000000086,0.5119151889578584
qwen3:0.6b,What is 12 multiplied by 9?,tier_1_simple,0.4601314067840576,16.119914411980716,4.9,22.5,58.30576413019499,65.26065716903855,223.76641782575564,qwen,qwen,0.5202596139630643,0.14746313282139842,0.3725663926119855,0.24000000000000057,0.45382950690924806
qwen3:0.6b,Define artificial intelligence in simple terms.,tier_1_simple,1.164926528930664,7.733229745041488,6.55,22.700000000000003,61.061349143988295,66.62759795149906,43.85350995420447,qwen,qwen,0.23038413351638407,0.18672240809536644,0.9701469003439177,0.3200000000000017,0.22214099576637986
qwen3:0.6b,Explain why smaller language models might be faster but less accurate.,tier_2_reasoning,0.9724342823028564,2.5811517248924525,2.4,22.4,57.34464805752572,77.22690195033428,20.289840732141364,qwen,qwen,0.05230886889164048,0.49114012592343614,0.8069368966708532,0.2,0.2868782059995164
qwen3:0.6b,"If a robot can move 5 meters per second, how long will it take to travel 3 kilom",tier_2_reasoning,0.2026212215423584,17.530664295036683,0.7,22.4,58.836935013634,65.91083876269872,543.4362475069174,qwen,qwen,0.5690204552705975,0.16613669826848768,0.15422908804297222,0.2,0.526603373980191
qwen3:0.6b,Analyze the trade-offs between model size and inference latency on edge devices.,tier_2_reasoning,1.156749963760376,12.609556968155731,0.4,22.4,58.88950396936286,74.42675690490175,80.43612258814527,qwen,qwen,0.3989284096816334,0.41071845253697414,0.9632141679619425,0.2,0.37014406604135713
qwen3:0.6b,Summarize the main benefits and drawbacks of quantizing a neural network model.,tier_2_reasoning,0.5257236957550049,6.567432755738586,1.05,22.3,59.39386072894702,79.49222580034238,97.44945980259251,qwen,qwen,0.19008978887390163,0.5562014466136196,0.4281806727267177,0.16000000000000086,0.4412602149883029
qwen3:0.6b,"Given an array of temperatures [25, 30, 29, 35, 28], compute the average and ide",tier_2_reasoning,0.5873377323150635,7.502865616137087,1.85,22.3,61.005365959352005,86.16166836320811,108.22343609299206,qwen,qwen,0.22242187963469437,0.7477514280459938,0.4804218788503247,0.16000000000000086,0.5012098044976109
qwen3:0.6b,Write a JSON command that turns on a living room light and sets brightness to 70,tier_3_creative,0.6628797054290771,21.93601932253601,0.7,22.3,57.750203327683565,67.20101199426026,219.07670653554024,qwen,qwen,0.7212861545127053,0.20319116814669758,0.5444722804919441,0.16000000000000086,0.5245773561507026
qwen3:0.6b,Imagine a robot assistant that runs entirely on a Raspberry Pi. Describe its thr,tier_3_creative,0.4364478588104248,3.781875807969645,1.4,22.2,59.21677627959885,67.19403206021828,56.92030531081189,qwen,qwen,0.09381042573900523,0.20299070068280717,0.35248562562274816,0.12000000000000029,0.3159242553758946
qwen3:0.6b,Create a short poem about AI running on low-power devices.,tier_3_creative,1.07476806640625,13.856123800430952,0.2,22.2,59.50030802675917,83.05725296879277,106.0919486201307,qwen,qwen,0.4420144649901314,0.6585909464085111,0.8937034941415936,0.12000000000000029,0.4836423710902872
qwen3:0.6b,Simulate a conversation between two edge AI agents optimizing power consumption.,tier_3_creative,0.3613920211791992,16.907494456088937,0.95,22.15,58.52926254288768,78.74104996580662,358.4659308340739,qwen,qwen,0.5474813532727655,0.5346272721902707,0.288847407720066,0.1,0.6116112414221742
qwen3:0.6b,Generate a JSON plan for a robot to pick up an item from the table and place it ,tier_3_creative,0.9004185199737549,15.84317678838442,0.25,22.1,58.70017129389319,90.41296613592212,157.33737561653749,qwen,qwen,0.5106945170524962,0.869850989103906,0.7458762927236329,0.08000000000000114,0.6080578450074435
qwen3:1.7b,What is the capital of Japan?,tier_1_simple,0.6548025608062744,22.1576738483171,0.55,22.1,60.49444428005637,83.01248156693833,276.67815985378724,qwen,qwen,0.728947371633132,0.6573050876409932,0.5376238446372551,0.08000000000000114,0.6732457060180995
qwen3:1.7b,Convert 45 degrees Celsius to Fahrenheit.,tier_1_simple,0.4150400161743164,18.12313731840059,0.4,22.05,59.4741000602934,77.64221619571885,331.0560164393731,qwen,qwen,0.5894985594464146,0.5030681746684622,0.33433437986360137,0.06000000000000085,0.6138530002063842
qwen3:1.7b,Summarize what a neural network is in one sentence.,tier_1_simple,0.5069036483764648,20.576222052964148,0.25,22.0,61.58559679602942,90.01720458287994,358.3286741933495,qwen,qwen,0.6742864278649305,0.8584845042107063,0.4122235624763611,0.04000000000000057,0.7408152099139118
qwen3:1.7b,What is 12 multiplied by 9?,tier_1_simple,0.6338803768157959,17.66027798686297,0.3,22.0,58.07248152079574,66.43356640356367,182.2132328597582,qwen,qwen,0.573500393730514,0.1811497175662876,0.5198843783171543,0.04000000000000057,0.475768197098661
qwen3:1.7b,Define artificial intelligence in simple terms.,tier_1_simple,0.2787578105926513,23.23116762669594,0.95,22.0,57.43632579772867,68.5677262120543,551.6416467295948,qwen,qwen,0.7660513688766165,0.24244393636145561,0.21878365164874503,0.04000000000000057,0.6313969981293343
qwen3:1.7b,Explain why smaller language models might be faster but less accurate.,tier_2_reasoning,0.1315817832946777,29.07823526262672,1.9,22.0,58.57688124835174,69.4557881153415,1426.491247793864,qwen,qwen,0.9681480980944377,0.2679495523828899,0.09399628812270014,0.04000000000000057,0.7448448473281021
qwen3:1.7b,"If a robot can move 5 meters per second, how long will it take to travel 3 kilom",tier_2_reasoning,0.7497365474700928,20.584799295679225,0.65,22.0,56.62920646140455,93.65970590335968,253.76773758391508,qwen,qwen,0.6745828897508462,0.9630991033662758,0.6181163142485592,0.04000000000000057,0.7311396240605094
qwen3:1.7b,Analyze the trade-offs between model size and inference latency on edge devices.,tier_2_reasoning,0.2895348072052002,14.552802203496542,0.95,22.0,60.91130533589377,66.40572969741405,322.6301004822072,qwen,qwen,0.46609430044663325,0.18035023237755712,0.22792123348662363,0.04000000000000057,0.49095854319459575
qwen3:1.7b,Summarize the main benefits and drawbacks of quantizing a neural network model.,tier_2_reasoning,0.9643003940582277,26.2459699254158,0.5,22.0,60.27801077746677,79.83425150001015,215.0596855616301,qwen,qwen,0.8702543167039273,0.5660246088649197,0.800040349129128,0.04000000000000057,0.6539010395152212
qwen3:1.7b,"Given an array of temperatures [25, 30, 29, 35, 28], compute the average and ide",tier_2_reasoning,1.0896801948547363,21.050355557911924,0.35,21.95,58.913899948694414,91.72717964622672,175.58648004319087,qwen,qwen,0.6906742715720392,0.9075959087316199,0.9063471646347565,0.020000000000000285,0.6652790483213503
qwen3:1.7b,Write a JSON command that turns on a living room light and sets brightness to 70,tier_3_creative,0.3643221855163574,7.2277489353960895,1.05,21.95,59.878772784284735,78.90979054397587,152.36611044301216,qwen,qwen,0.21291280862799852,0.5394735924502535,0.29133183055063827,0.020000000000000285,0.4867408350761478
qwen3:1.7b,Imagine a robot assistant that runs entirely on a Raspberry Pi. Describe its thr,tier_3_creative,0.2690589427947998,26.14271932564404,0.55,22.0,57.27296975155838,68.12047475653786,638.1642652460356,qwen,qwen,0.8666855862217582,0.22959863374549536,0.2105601918645563,0.04000000000000057,0.6694417862394406
qwen3:1.7b,Create a short poem about AI running on low-power devices.,tier_3_creative,0.6387200355529785,15.556257588589933,0.3,21.95,58.67229363192014,92.11278774828986,220.8857711931245,qwen,qwen,0.5007775064347406,0.9186707810457809,0.5239878200614819,0.020000000000000285,0.6691146728753341
qwen3:1.7b,Simulate a conversation between two edge AI agents optimizing power consumption.,tier_3_creative,0.8554086685180664,7.279817672870836,0.6,21.9,57.25312651076959,78.67288030302973,66.17962648633805,qwen,qwen,0.2147125007460584,0.5326694027707378,0.7077134152566202,0.0,0.4041431380783207
qwen3:1.7b,Generate a JSON plan for a robot to pick up an item from the table and place it ,tier_3_creative,0.0240192413330078,5.476250239657543,6.05,21.9,56.06543834734339,73.32286379081002,1180.3154176081064,qwen,qwen,0.15237440208334907,0.37901404793127036,0.0027963401965261222,0.0,0.4740947071734155
qwen3:4b,What is the capital of Japan?,tier_1_simple,0.7788965702056885,20.678097631606786,0.5,21.95,60.39133188654351,69.48302799619962,182.1248679368036,qwen,qwen,0.6778076324263983,0.2687318964278997,0.6428404654866365,0.020000000000000285,0.5211745288016019
qwen3:4b,Convert 45 degrees Celsius to Fahrenheit.,tier_1_simple,0.2494347095489502,10.597451364089665,2.0,21.9,55.3339152061489,74.62358655529506,304.82421974630296,qwen,qwen,0.32938244463690575,0.4163715060752266,0.19392122984792462,0.0,0.5178801837077454
qwen3:4b,Summarize what a neural network is in one sentence.,tier_1_simple,0.675767183303833,16.92692412582671,0.5,21.9,58.163039028286896,90.15864184791891,222.54032082651548,qwen,qwen,0.5481529160027152,0.8625466586166691,0.5553992936476603,0.0,0.6669453052565548
qwen3:4b,What is 12 multiplied by 9?,tier_1_simple,0.7349793910980225,4.357709893142674,0.5,21.9,56.98087300696583,69.31342010470138,40.544447286336926,qwen,qwen,0.1137134254016866,0.26386066646212075,0.6056040412199911,0.0,0.3035227618553127
qwen3:4b,Define artificial intelligence in simple terms.,tier_1_simple,0.1352529525756836,18.374184737627125,1.8,21.9,61.17491841653396,63.858534225340094,807.796663767722,qwen,qwen,0.5981757059176613,0.10719340693355096,0.09710899298398185,0.0,0.5520065058503335
qwen3:4b,Explain why smaller language models might be faster but less accurate.,tier_2_reasoning,0.8337130546569824,26.49399766299912,0.3,21.9,58.99928708867712,90.30935291234636,283.58643638380323,qwen,qwen,0.8788270915787824,0.8668751615343591,0.6893181745132179,0.0,0.7737297501891771
qwen3:4b,"If a robot can move 5 meters per second, how long will it take to travel 3 kilom",tier_2_reasoning,0.2421226501464843,1.2820664949111655,0.65,21.9,56.27221452203023,88.93166056360417,45.222554292192925,qwen,qwen,0.00740757951009465,0.827307095487817,0.18772149316844358,0.0,0.5136108618166942
qwen3:4b,Analyze the trade-offs between model size and inference latency on edge devices.,tier_2_reasoning,0.0542237758636474,20.63423103018354,2.5,21.9,57.88413953443701,80.66364074927282,2591.613738952306,qwen,qwen,0.6762914370919948,0.5898451146716615,0.028406110345973516,0.0,0.7417888871691016
qwen3:4b,Summarize the main benefits and drawbacks of quantizing a neural network model.,tier_2_reasoning,0.468630313873291,27.395864553511977,0.8,21.9,61.79648266128044,70.53808658662861,403.7462337796599,qwen,qwen,0.9099990157143034,0.2990337472200447,0.37977243172031827,0.0,0.6777552441076712
qwen3:4b,"Given an array of temperatures [25, 30, 29, 35, 28], compute the average and ide",tier_2_reasoning,0.3640129566192627,18.17673251464864,0.35,21.9,59.2049969089848,87.34341618842224,424.4820626865994,qwen,qwen,0.5913510117418112,0.7816918618744323,0.29106964207128494,0.0,0.7128340348447971
qwen3:4b,Write a JSON command that turns on a living room light and sets brightness to 70,tier_3_creative,0.4626197814941406,18.39466897323461,5.199999999999999,21.95,60.57309189109237,74.14801437904835,288.5888896172121,qwen,qwen,0.5988837184248813,0.4027128171111717,0.3746762315934894,0.020000000000000285,0.5834320861846061
qwen3:4b,Imagine a robot assistant that runs entirely on a Raspberry Pi. Describe its thr,tier_3_creative,0.4121325016021728,14.407581977703776,0.9,22.0,55.72546306398742,92.05695549422498,314.1947440358019,qwen,qwen,0.4610749412607326,0.9170672486472861,0.33186916127785443,0.04000000000000057,0.689176318842908
qwen3:4b,Create a short poem about AI running on low-power devices.,tier_3_creative,0.5934314727783203,1.6638034023790964,0.35,22.0,59.721413766462206,90.36710222132793,24.916349067231945,qwen,qwen,0.020601848026318835,0.8685337527822607,0.48558862930814384,0.04000000000000057,0.46768313918357696
qwen3:4b,Simulate a conversation between two edge AI agents optimizing power consumption.,tier_3_creative,0.4960255622863769,10.520538918825824,0.65,22.0,57.68222202842759,82.74074948691893,172.0223917576156,qwen,qwen,0.326724060196738,0.6495007959941764,0.40300026906157743,0.04000000000000057,0.5409398090646326
qwen3:4b,Generate a JSON plan for a robot to pick up an item from the table and place it ,tier_3_creative,0.5541398525238037,21.065236343211893,1.35,22.0,60.04657891564266,76.8929942485156,287.1219059840961,qwen,qwen,0.6911886076845268,0.4815501169413344,0.4522741161347394,0.04000000000000057,0.6264856549292631
qwen3:8b,What is the capital of Japan?,tier_1_simple,0.3623216152191162,2.963425218094012,0.95,22.0,60.017059990902666,83.75212613456088,66.66095990964243,qwen,qwen,0.0655216838363419,0.6785480778698166,0.28963559035769015,0.04000000000000057,0.46784597882394374
qwen3:8b,Convert 45 degrees Celsius to Fahrenheit.,tier_1_simple,0.277334451675415,12.628335032500967,0.55,22.0,57.08408452679251,83.47897075372488,366.889666275472,qwen,qwen,0.3995774504695137,0.6707029082571995,0.21757681647392677,0.04000000000000057,0.61352648937018
qwen3:8b,Summarize what a neural network is in one sentence.,tier_1_simple,0.4572150707244873,10.04611850600331,0.5,21.95,61.36257715664532,74.04099637240324,159.20390211435432,qwen,qwen,0.31032629987044824,0.3996392023386364,0.370093694478254,0.020000000000000285,0.4680035417541194
qwen3:8b,What is 12 multiplied by 9?,tier_1_simple,0.9908676147460938,26.43941436445628,0.4,22.0,60.46609816186831,83.93198003582164,221.7188732956774,qwen,qwen,0.8769404867381541,0.6837135787527322,0.8225661197095591,0.04000000000000057,0.6873770443791695
qwen3:8b,Define artificial intelligence in simple terms.,tier_1_simple,0.6893415451049805,13.513211918824366,0.35,21.9,57.90958520673068,86.12426629472937,166.41589076754138,qwen,qwen,0.4301621359257716,0.7466772205008947,0.5669087007964506,0.0,0.582686280361287
qwen3:8b,Explain why smaller language models might be faster but less accurate.,tier_2_reasoning,0.7169351577758789,20.37551717667082,0.4499999999999999,22.0,60.14000491363201,70.38879550136176,197.2951915231683,qwen,qwen,0.6673493097122871,0.29474602686840606,0.5903047268923913,0.04000000000000057,0.5333025865669584
qwen3:8b,"If a robot can move 5 meters per second, how long will it take to travel 3 kilom",tier_2_reasoning,0.809126615524292,3.7529191958509904,0.8,22.0,58.002060240528266,79.62767956650028,36.482302186569385,qwen,qwen,0.09280957591772937,0.5600917517100236,0.6684718656802557,0.04000000000000057,0.3674569827440476
qwen3:8b,Analyze the trade-offs between model size and inference latency on edge devices.,tier_2_reasoning,0.246575117111206,21.421320516745865,0.75,21.9,59.845179165642975,64.77092471787198,540.7690169527175,qwen,qwen,0.7034962208811357,0.13339775313733065,0.19149664340122938,0.0,0.5831184856134076
qwen3:8b,Summarize the main benefits and drawbacks of quantizing a neural network model.,tier_2_reasoning,0.453235387802124,7.723110668995492,0.55,21.9,60.68374072456916,94.52862546510092,157.59915047052723,qwen,qwen,0.23003438005038426,0.9880549410317019,0.36671940758745564,0.0,0.6150863528121732
qwen3:8b,"Given an array of temperatures [25, 30, 29, 35, 28], compute the average and ide",tier_2_reasoning,0.7222766876220703,27.24099045696393,0.15,21.9,56.09440470210804,73.77208813840254,274.43516678025094,qwen,qwen,0.9046459823133237,0.39191601306991963,0.5948336942720611,0.0,0.6604664579918932
qwen3:8b,Write a JSON command that turns on a living room light and sets brightness to 70,tier_3_creative,0.7263624668121338,29.137936816775493,0.35,21.9,57.91229088946588,85.17713426084967,337.04677630722284,qwen,qwen,0.9702116091693813,0.7194750785237234,0.5982979378886206,0.0,0.7842675796471453
qwen3:8b,Imagine a robot assistant that runs entirely on a Raspberry Pi. Describe its thr,tier_3_creative,1.1163742542266846,19.772704956317256,0.35,21.9,58.34720387489409,76.20574099006797,133.77379915422864,qwen,qwen,0.6465138438597369,0.4618118333210584,0.92898047898621,0.0,0.5113529917429703
qwen3:8b,Create a short poem about AI running on low-power devices.,tier_3_creative,0.3975653648376465,18.723638344551293,0.3,21.9,58.52310363235607,79.16752818580419,363.69728496766254,qwen,qwen,0.6102541417029355,0.5468759562971991,0.3195180017558744,0.0,0.644260843219159
qwen3:8b,Simulate a conversation between two edge AI agents optimizing power consumption.,tier_3_creative,0.2521760463714599,13.480620467012123,0.6,21.9,55.86795182501953,68.58810682627865,352.6677015206517,qwen,qwen,0.42903565232376245,0.24302927857550977,0.19624554992163654,0.0,0.5052739345178306
qwen3:8b,Generate a JSON plan for a robot to pick up an item from the table and place it ,tier_3_creative,0.3358962535858154,4.763566161352764,0.4499999999999999,21.9,58.52771080826142,91.40793250578474,125.8839116208426,qwen,qwen,0.12774135007178544,0.8984269589659407,0.2672300989948498,0.0,0.5671786079195265
gemma3:270m,A train leaves City A at 9 AM at 60 km/h and another from City B at 10 AM at 90 ,reasoning,0.1643261909484863,12.04235536517277,0.0,23.2,57.68947885759958,74.04846287594387,511.5226228171436,gemma,gemma,0.3793237811896433,0.3998536443405115,0.12175956164188609,0.5200000000000002,0.49533369344963357
gemma3:270m,"If all bloops are razzies and some razzies are lazzies, can we conclude that som",reasoning,0.931124210357666,5.021044034734834,2.5,23.2,61.277636584517,87.83706619006111,46.862440936951785,gemma,gemma,0.13664075731255584,0.7958697557173904,0.7719109820585859,0.5200000000000002,0.38703503322852223
gemma3:270m,You are given a 3x3 grid with numbers 1 to 9. Find the path from top-left to bot,reasoning,1.1389334201812744,7.546498886497384,2.05,23.3,56.96308070291762,73.31967542476374,48.15830397413547,gemma,gemma,0.2239300101667759,0.37892247634170995,0.9481079068323245,0.5600000000000008,0.2576271656027584
gemma3:270m,"In a group of 50 students, 30 play football, 25 play cricket, and 10 play both. ",reasoning,0.593348503112793,26.97640254426435,3.7,23.25,58.12873349373761,61.433508504554425,274.6762520459145,gemma,gemma,0.8955008252745094,0.037545362526383526,0.48551828112709916,0.5400000000000006,0.5183602826422989
gemma3:270m,Write a Python function to check if a string is a palindrome without using rever,coding,0.6859111785888672,6.58997536623228,2.7,23.25,59.308619652239656,64.64376926106159,61.214830299841125,gemma,gemma,0.19086894658721612,0.12974577995344452,0.5640001673801549,0.5400000000000006,0.24847127914488876
gemma3:270m,Implement a function in Python that returns the Fibonacci sequence up to n terms,coding,0.830315113067627,15.4450521309359,3.25,23.2,60.49172170575096,93.20860959110608,171.3180938673452,gemma,gemma,0.4969338260358781,0.9501433743946387,0.6864371334895144,0.5200000000000002,0.5945291160348399
gemma3:270m,Write a Python script that counts how many times each word appears in a given te,coding,0.664226770401001,10.479889085056667,2.95,23.2,58.18073651222997,80.85146673646918,125.67202029940157,gemma,gemma,0.32531904849522947,0.5952395781550566,0.5456144276841924,0.5200000000000002,0.4475766073077702
gemma3:270m,Create a function that sorts a list of dictionaries by a key named 'score'.,coding,0.163424015045166,6.492554083623945,3.45,23.1,57.55857965550702,94.02083166630396,351.99008304691904,gemma,gemma,0.1875016993109299,0.9734708297189212,0.12099462624799794,0.48000000000000115,0.5948430033904487
gemma3:270m,What are the three laws of thermodynamics?,factual,0.0741117000579834,12.227591047587689,2.95,23.1,57.8836737872652,79.71992499568499,1158.914444149413,gemma,gemma,0.3857262256081825,0.5627410901038999,0.045268650202362204,0.48000000000000115,0.5660590872339705
gemma3:270m,Who wrote the novel '1984' and what are its central themes?,factual,0.0220875740051269,24.45058665699551,6.9,23.1,61.56271761532021,72.00939406927527,5487.083347364414,gemma,gemma,0.8081990936703423,0.3412904903175047,0.0011585213378363813,0.48000000000000115,0.677435080295821
gemma3:270m,Explain how the human respiratory system works in simple terms.,factual,0.1453878879547119,19.651183092746127,3.0,23.1,59.07228134219777,88.89471853606372,1124.2101382055305,gemma,gemma,0.6423135895296413,0.8262461005661654,0.10570218501854622,0.48000000000000115,0.735658828977997
gemma3:270m,What is the difference between supervised and unsupervised learning in machine l,factual,0.1097292900085449,8.179915476655793,3.85,23.1,60.687787021245256,94.944531977351,648.6618658558375,gemma,gemma,0.24582327856625147,1.0,0.07546803271513856,0.48000000000000115,0.6352357048834728
gemma3:270m,Write a motivational paragraph for students preparing for exams.,general,0.6726465225219727,21.923430847296043,2.9,23.1,56.06013483867832,91.12872337579812,292.6630692779036,gemma,gemma,0.7208510492889854,0.8904079224181985,0.552753353010609,0.48000000000000115,0.6969121258389318
gemma3:270m,Summarize the impact of social media on modern communication.,general,0.1095917224884033,8.24072510890785,3.35,23.1,59.6070055589379,88.9868477602281,613.1830326061078,gemma,gemma,0.24792508900325744,0.8288921014892896,0.07535139219656736,0.48000000000000115,0.5847673876087763
gemma3:270m,Draft a short email to a professor requesting an extension for a project deadlin,general,0.9164392948150636,5.6363798303214825,2.5,23.1,57.0984252450988,75.83537394457701,46.13761252553806,gemma,gemma,0.15790908519960128,0.4511746923578905,0.7594599604635137,0.48000000000000115,0.2986240496945048
gemma3:270m,Describe a peaceful morning scene in a small village.,general,1.1598923206329346,9.89244803629977,2.55,23.05,58.17596351693968,66.2308793005284,56.00391765324616,gemma,gemma,0.3050148683567083,0.17532843483433075,0.965878504244037,0.46000000000000085,0.23542877694417505
gemma3:1b,A train leaves City A at 9 AM at 60 km/h and another from City B at 10 AM at 90 ,reasoning,1.0056993961334229,2.7094721409503983,3.15,23.05,63.645892773219856,64.84373757141883,17.29766711821289,gemma,gemma,0.05674410685909946,0.13548897749580902,0.8351416656710782,0.46000000000000085,0.15031600285816676
gemma3:1b,"If all bloops are razzies and some razzies are lazzies, can we conclude that som",reasoning,1.1717045307159424,29.70497560331771,2.9,23.1,57.7551296900525,64.23679140646132,161.4745710087341,gemma,gemma,0.9898106101105739,0.11805715684030492,0.9758938211454099,0.48000000000000115,0.488162626867239
gemma3:1b,You are given a 3x3 grid with numbers 1 to 9. Find the path from top-left to bot,reasoning,1.1884150505065918,2.564291132209777,2.35,23.0,60.04352116378101,62.12604673928685,13.29333027530491,gemma,gemma,0.05172610316255887,0.057435433511147445,0.990062308677711,0.44000000000000056,0.09590860958282553
gemma3:1b,"In a group of 50 students, 30 play football, 25 play cricket, and 10 play both. ",reasoning,0.906912326812744,29.123720767369377,2.5,23.0,55.33586246989958,85.58571626610009,271.8443660664458,gemma,gemma,0.9697202488386543,0.7312097737072579,0.7513822507900524,0.44000000000000056,0.7129745814896286
gemma3:1b,Write a Python function to check if a string is a palindrome without using rever,coding,0.4977309703826904,5.634368974140795,1.9,23.0,59.68078944225098,84.46099005801447,93.72766478070152,gemma,gemma,0.1578395824193449,0.6989070314248903,0.4044462476219585,0.44000000000000056,0.4479186928708133
gemma3:1b,Implement a function in Python that returns the Fibonacci sequence up to n terms,coding,0.5588412284851074,23.43129600442592,2.3,23.0,56.726669652756456,73.78587115134883,303.9334178529833,gemma,gemma,0.7729685610627233,0.39231186862292255,0.4562603109106592,0.44000000000000056,0.5916289228298341
gemma3:1b,Write a Python script that counts how many times each word appears in a given te,coding,0.8153269290924072,22.219900269306947,3.3,23.0,61.38294535227226,75.83082279220817,204.1558636206452,gemma,gemma,0.7310981516370607,0.4510439808113809,0.6737289771637271,0.44000000000000056,0.549006659465493
gemma3:1b,Create a function that sorts a list of dictionaries by a key named 'score'.,coding,0.4728562831878662,18.49744484258424,4.4,23.1,58.27264878313173,79.90380548191132,306.0985817262688,gemma,gemma,0.6024360404316323,0.5680222366750602,0.3833555395048499,0.48000000000000115,0.586709979274201
gemma3:1b,What are the three laws of thermodynamics?,factual,0.2402369976043701,22.13093613501245,4.35,23.2,61.79120159063604,68.43523673521513,605.2405791592884,gemma,gemma,0.7280232153308467,0.2386387672503473,0.18612268924924136,0.5200000000000002,0.5735763784575946
gemma3:1b,Who wrote the novel '1984' and what are its central themes?,factual,0.1048336029052734,24.807363388677523,3.45,23.2,59.21882335362002,65.89068445769888,1423.4284320236711,gemma,gemma,0.8205306442908407,0.16555785577721327,0.07131708573361122,0.5200000000000002,0.6116161973027779
gemma3:1b,Explain how the human respiratory system works in simple terms.,factual,0.8425135612487793,1.168225294077618,2.2,23.2,61.84030611247238,69.52919541311687,9.52779738066424,gemma,gemma,0.0034727978774504076,0.27005784949967765,0.696779933302647,0.5200000000000002,0.19105048734035404
gemma3:1b,What is the difference between supervised and unsupervised learning in machine l,factual,0.8289952278137207,21.41127719193834,1.8,23.2,56.30634623998361,77.9080759510952,198.82251464365297,gemma,gemma,0.7031490856638859,0.5107038099896958,0.6853180313910564,0.5200000000000002,0.5454071709842517
gemma3:1b,Write a motivational paragraph for students preparing for exams.,general,0.4382007122039795,3.8520097359113454,2.6,23.1,55.68150389646739,77.45709620287022,66.56961503289392,gemma,gemma,0.09623451903273018,0.4977514287997221,0.3539718320222899,0.48000000000000115,0.3690248698485506
gemma3:1b,Summarize the impact of social media on modern communication.,general,0.5584220886230469,11.19119743776892,4.2,23.1,60.62433911918174,89.65656102803943,176.51746758939828,gemma,gemma,0.3499045502371772,0.8481266271344365,0.45590493130641624,0.48000000000000115,0.5552188219739185
gemma3:1b,Draft a short email to a professor requesting an extension for a project deadlin,general,0.3849673271179199,26.30769499204263,1.8,23.1,58.305139972480816,93.52319474263238,622.9324587236089,gemma,gemma,0.8723877680085399,0.9591784293285059,0.3088363986340324,0.48000000000000115,0.8269413562751613
gemma3:1b,Describe a peaceful morning scene in a small village.,general,1.1960670948028564,1.3644802659197328,1.25,23.05,57.01669098974446,71.38135252760036,8.075707172368471,gemma,gemma,0.01025611053460136,0.32325279908429627,0.9965503111795186,0.46000000000000085,0.1557682217032256
gemma3:4b,A train leaves City A at 9 AM at 60 km/h and another from City B at 10 AM at 90 ,reasoning,0.1473593711853027,8.555703062424227,2.45,23.0,56.72778426875812,77.6349043757395,422.10462847894513,gemma,gemma,0.2588119160668287,0.5028581752617532,0.10737376291813956,0.44000000000000056,0.4889074664216295
gemma3:4b,"If all bloops are razzies and some razzies are lazzies, can we conclude that som",reasoning,0.3084907531738281,29.42599892260764,3.85,23.0,59.99739386423319,90.15111001410352,832.9241711764975,gemma,gemma,0.9801681229340811,0.862330340294127,0.24399356920593276,0.44000000000000056,0.8579676374206839
gemma3:4b,You are given a 3x3 grid with numbers 1 to 9. Find the path from top-left to bot,reasoning,0.7410013675689697,17.296546761789333,1.7,23.05,59.45283053645152,86.36928389957981,198.9197919288937,gemma,gemma,0.5609284695663306,0.7537142580369885,0.6107099445442055,0.46000000000000085,0.5823436763287876
gemma3:4b,"In a group of 50 students, 30 play football, 25 play cricket, and 10 play both. ",reasoning,0.7678487300872803,8.621406303764267,1.2000000000000002,23.1,57.13105888265494,69.73657637740091,77.29360940341195,gemma,gemma,0.261082868106486,0.27601394245401406,0.6334732413106351,0.48000000000000115,0.3125426817166715
gemma3:4b,Write a Python function to check if a string is a palindrome without using rever,coding,0.4136381149291992,12.110736025160874,2.0,23.1,56.9145112913354,66.3074536559464,189.5561422422915,gemma,gemma,0.38168727492459337,0.1775276915518535,0.3331457381838808,0.48000000000000115,0.39130406979861715
gemma3:4b,Implement a function in Python that returns the Fibonacci sequence up to n terms,coding,1.1622819900512695,5.789077173847451,1.55,23.0,57.21901483204867,87.17593073437313,43.050067731672165,gemma,gemma,0.16318688179925286,0.7768815894549761,0.9679046531480912,0.44000000000000056,0.3607582989265757
gemma3:4b,Write a Python script that counts how many times each word appears in a given te,coding,0.3337092399597168,8.388812465333693,2.75,23.0,60.3833217934025,87.99537636591882,214.76778169730463,gemma,gemma,0.2530435470467845,0.800416509206946,0.26537577754449676,0.44000000000000056,0.5442672160718982
gemma3:4b,Create a function that sorts a list of dictionaries by a key named 'score'.,coding,0.1706893444061279,29.727418792150555,5.25,23.1,61.86795447272374,75.87968117285789,1248.3896421530808,gemma,gemma,0.9905863314359891,0.4524472198104508,0.12715474153815487,0.48000000000000115,0.7585377502098999
gemma3:4b,What are the three laws of thermodynamics?,factual,0.4230687618255615,17.81874711036935,7.649999999999999,23.2,61.86401922254259,94.14697169411738,387.3706043245628,gemma,gemma,0.5789776848338102,0.9770936392352773,0.3411417792793476,0.5200000000000002,0.7044908098482376
gemma3:4b,Who wrote the novel '1984' and what are its central themes?,factual,0.0326669216156005,18.253839571362665,8.45,23.2,58.66745432546229,64.48825701132841,2758.948274560263,gemma,gemma,0.5940161226883235,0.12527938440867242,0.01012852087086998,0.5200000000000002,0.5211645602237571
gemma3:4b,Explain how the human respiratory system works in simple terms.,factual,0.277036190032959,2.3142229490357025,7.5,23.2,57.933990350715696,82.86842851591992,66.81248765183435,gemma,gemma,0.043082802785740434,0.6531678064532835,0.2173239268920679,0.5200000000000002,0.41771867767186766
gemma3:4b,What is the difference between supervised and unsupervised learning in machine l,factual,1.1930463314056396,4.819177611905108,26.5,23.3,60.40068639198113,71.68416791547264,28.71533108310618,gemma,gemma,0.12966349172696712,0.3319498200688282,0.9939890713696448,0.5600000000000008,0.1966525284375063
gemma3:4b,Write a motivational paragraph for students preparing for exams.,general,0.267195463180542,12.618878535560782,20.6,24.0,59.857333090751695,91.88839794429782,418.30718265801744,gemma,gemma,0.399250598238538,0.912226185056964,0.20898018789028838,0.8400000000000005,0.6075720572344466
gemma3:4b,Summarize the impact of social media on modern communication.,general,0.1386454105377197,25.383757145373167,9.8,24.2,58.401558256233415,68.51944728775335,1170.087258930995,gemma,gemma,0.8404529883140117,0.24105733966071916,0.0999853845589381,0.9200000000000003,0.5965013203120328
gemma3:4b,Draft a short email to a professor requesting an extension for a project deadlin,general,0.2916595935821533,7.813463405248961,13.45,23.75,58.48565612772212,85.7457255452789,222.0950710530276,gemma,gemma,0.2331573116820447,0.7358053263590434,0.2297227938011932,0.7400000000000005,0.4940599638202922
gemma3:4b,Describe a peaceful morning scene in a small village.,general,0.8936977386474609,20.8337648631633,10.4,23.3,60.3068995785052,73.88382317004883,170.33108895681514,gemma,gemma,0.683188079567225,0.39512510334027595,0.7401778879090681,0.5600000000000008,0.48777718524715913
deepseek-r1:1.5b,A train leaves City A at 9 AM at 60 km/h and another from City B at 10 AM at 90 ,reasoning,0.4401657581329345,2.859634569970166,0.85,22.6,59.25447232929845,87.89361018143788,55.83356832753579,deepseek,deepseek,0.06193428724453079,0.7974937295947033,0.35563795187335384,0.28000000000000114,0.46489424340155244
deepseek-r1:1.5b,"If all bloops are razzies and some razzies are lazzies, can we conclude that som",reasoning,0.934072971343994,13.963958361811574,3.2,22.6,58.32246138815592,78.6728368870301,116.36645173011613,deepseek,deepseek,0.4457416344892051,0.532668155839852,0.7744111725849094,0.28000000000000114,0.45521486603065564
deepseek-r1:1.5b,You are given a 3x3 grid with numbers 1 to 9. Find the path from top-left to bot,reasoning,1.032527208328247,24.659674160893857,5.25,22.6,60.83862894203754,89.08046451604815,210.70867134387245,deepseek,deepseek,0.8154259470760575,0.8315808251224961,0.8578883861419744,0.28000000000000114,0.6760669491387769
deepseek-r1:1.5b,"In a group of 50 students, 30 play football, 25 play cricket, and 10 play both. ",reasoning,0.439420223236084,16.328937084007883,15.6,22.8,59.89373608831988,88.10113857583734,320.10084870582267,deepseek,deepseek,0.5274842265345819,0.8034540568213353,0.3550058289936794,0.3600000000000009,0.6450287418614974
deepseek-r1:1.5b,Write a Python function to check if a string is a palindrome without using rever,coding,0.7625360488891602,4.739045618627991,3.9,22.8,60.53973123862659,60.73380833210909,37.25655115935811,deepseek,deepseek,0.12689382755419554,0.017449596834303926,0.6289687340743746,0.3600000000000009,0.1941986632570944
deepseek-r1:1.5b,Implement a function in Python that returns the Fibonacci sequence up to n terms,coding,0.7321875095367432,25.92176480613689,10.65,22.8,58.52270273393714,68.58659039341643,239.5466701053357,deepseek,deepseek,0.8590485639605675,0.24298572580721417,0.6032368653578266,0.3600000000000009,0.5598677702548259
deepseek-r1:1.5b,Write a Python script that counts how many times each word appears in a given te,coding,0.6710371971130371,17.131703804271915,3.7,22.8,60.7256540242426,68.08254529418642,171.26377313386843,deepseek,deepseek,0.5552308746994363,0.22850927916440772,0.5513888408782768,0.3600000000000009,0.44436736545344147
deepseek-r1:1.5b,Create a function that sorts a list of dictionaries by a key named 'score'.,coding,0.2988405227661133,1.1895009908481384,13.6,22.75,56.622972880212,65.92397064313704,25.390653952506245,deepseek,deepseek,0.0042081662701007605,0.16651385294527254,0.23581134801063228,0.3400000000000006,0.2704751527894956
deepseek-r1:1.5b,What are the three laws of thermodynamics?,factual,0.6794848442077637,12.501833940849655,10.0,22.8,58.60366882270143,64.58086617941719,117.09891399556544,deepseek,deepseek,0.39520509522119884,0.12793916957972118,0.5585514177483205,0.3600000000000009,0.34875350541273176
deepseek-r1:1.5b,Who wrote the novel '1984' and what are its central themes?,factual,0.7576568126678467,1.8845670050140573,16.599999999999998,22.75,59.14878985984774,63.892579181678784,15.685374584585285,deepseek,deepseek,0.028232271479726706,0.10817119641041842,0.6248317354390889,0.3400000000000006,0.18477792042719837
deepseek-r1:1.5b,Explain how the human respiratory system works in simple terms.,factual,1.037278652191162,17.83785072545626,12.0,22.65,58.84373039385055,69.86240250711282,118.99365127287524,deepseek,deepseek,0.5796379778842232,0.2796277366478826,0.8619170324064556,0.3,0.41336010566676296
deepseek-r1:1.5b,What is the difference between supervised and unsupervised learning in machine l,factual,1.072465419769287,15.981242407224162,3.0,22.6,60.77598089495068,81.29599298442665,120.02332332214606,deepseek,deepseek,0.5154665860146341,0.6080066113425903,0.891751129967658,0.28000000000000114,0.48223839181509903
deepseek-r1:1.5b,Write a motivational paragraph for students preparing for exams.,general,0.1600780487060547,23.67863399384198,26.25,22.8,56.3460107382229,69.45441807721816,966.9594385740296,deepseek,deepseek,0.7815174956372317,0.26791020415031813,0.11815765391242015,0.3600000000000009,0.6333485287175041
deepseek-r1:1.5b,Summarize the impact of social media on modern communication.,general,0.9051194190979004,2.430870490263956,38.15,24.4,60.03036964078615,90.3962840670416,24.01234798237639,deepseek,deepseek,0.04711458213589983,0.8693718711035341,0.7498620831996616,1.0,0.3296849775454878
deepseek-r1:1.5b,Draft a short email to a professor requesting an extension for a project deadlin,general,0.4086008071899414,16.337821891434835,14.6,23.9,59.96459740705251,91.08268580966563,355.49207564633525,deepseek,deepseek,0.5277913190179463,0.8890856987308744,0.32887471413470826,0.8,0.6320672943994992
deepseek-r1:1.5b,Describe a peaceful morning scene in a small village.,general,1.1337077617645264,6.767947940896937,7.3,24.1,56.10391137450903,60.50004296599974,35.801203323495194,deepseek,deepseek,0.19702035058486736,0.010735729653395401,0.9436771843261826,0.8800000000000011,0.10529342226472892
deepseek-r1:7b,A train leaves City A at 9 AM at 60 km/h and another from City B at 10 AM at 90 ,reasoning,1.0711321830749512,4.0208146704083045,4.7,23.75,60.31211578558805,69.47193004587399,25.837151079486866,deepseek,deepseek,0.10206905477984975,0.2684131573190799,0.8906207074722504,0.7400000000000005,0.16922742761321372
deepseek-r1:7b,"If all bloops are razzies and some razzies are lazzies, can we conclude that som",reasoning,0.5089259147644043,5.418231141557063,7.35,23.4,56.25381417744654,94.22459610157472,98.3821825760952,deepseek,deepseek,0.15036904304042975,0.979323054012749,0.41393819831435247,0.6,0.5111568937571261
deepseek-r1:7b,You are given a 3x3 grid with numbers 1 to 9. Find the path from top-left to bot,reasoning,0.9682419300079346,25.50146936888997,2.8,23.25,58.581517004066335,79.61188455575456,207.5376216373911,deepseek,deepseek,0.8445215671030643,0.5596381104969015,0.8033822920286414,0.5400000000000006,0.5910236015845678
deepseek-r1:7b,"In a group of 50 students, 30 play football, 25 play cricket, and 10 play both. ",reasoning,0.5206160545349121,27.235250377547537,8.2,23.05,57.05946979768686,75.05812704684301,385.255377314642,deepseek,deepseek,0.904447583500836,0.42885174296204964,0.4238500144436136,0.46000000000000085,0.6596645534002264
deepseek-r1:7b,Write a Python function to check if a string is a palindrome without using rever,coding,0.4968640804290771,3.1672038564889173,2.65,22.95,62.07384914526754,60.28100476790427,37.66734281354308,deepseek,deepseek,0.0725650428101629,0.004444834667392304,0.4037112304200089,0.42000000000000026,0.20761722144028105
deepseek-r1:7b,Implement a function in Python that returns the Fibonacci sequence up to n terms,coding,0.9974019527435304,19.69504101418992,3.65,22.8,57.57372107164628,92.07043584504729,180.00074401525362,deepseek,deepseek,0.6438294848511894,0.9174544115811257,0.828106443266719,0.3600000000000009,0.6311468287614695
deepseek-r1:7b,Write a Python script that counts how many times each word appears in a given te,coding,0.8221468925476074,21.811906845232844,4.1,22.6,60.29246271715965,83.89716874032703,219.9079568200276,deepseek,deepseek,0.7169963587928893,0.682713779602687,0.6795114763556327,0.28000000000000114,0.627710382126835
deepseek-r1:7b,Create a function that sorts a list of dictionaries by a key named 'score'.,coding,0.1034290790557861,9.415371827824124,3.6,22.55,56.29018762471368,65.07994606424079,540.2070578640646,deepseek,deepseek,0.2885253137074539,0.1422730125913559,0.07012622040448989,0.26000000000000084,0.4180667851794903
deepseek-r1:7b,What are the three laws of thermodynamics?,factual,0.9295387268066406,15.668906712964908,4.0,22.5,57.419657287523066,82.64609497036102,137.83082222516344,deepseek,deepseek,0.5046710854050838,0.6467822673138174,0.7705666849208067,0.24000000000000057,0.5177897773720174
deepseek-r1:7b,Who wrote the novel '1984' and what are its central themes?,factual,0.6502714157104492,17.709258913882138,3.0,22.4,57.644051405485584,91.96844747677424,246.67023431894268,deepseek,deepseek,0.5751933594632517,0.9145252507307435,0.5337819849224441,0.2,0.677678522020035
deepseek-r1:7b,Explain how the human respiratory system works in simple terms.,factual,1.1611721515655518,18.392112111799783,3.95,22.35,61.31132379129254,60.41775033047578,94.88016224902896,deepseek,deepseek,0.5987953436419617,0.008372240852337074,0.9669636451516458,0.18000000000000113,0.3306370806821566
deepseek-r1:7b,What is the difference between supervised and unsupervised learning in machine l,factual,0.1941723823547363,27.695570552311807,3.5,22.3,62.77542422602724,79.38336021501297,1076.819219209876,deepseek,deepseek,0.9203579863737499,0.5530747683864796,0.14706550042320088,0.16000000000000086,0.7886525249808036
deepseek-r1:7b,Write a motivational paragraph for students preparing for exams.,general,1.178208351135254,6.288133001715106,2.95,22.3,59.03408757903952,61.45442690961532,32.522377879488005,deepseek,deepseek,0.18043613506414852,0.03814615038282591,0.9814082695095417,0.16000000000000086,0.17133664523859876
deepseek-r1:7b,Summarize the impact of social media on modern communication.,general,0.9724371433258056,24.615164176007344,2.95,22.25,60.08486360962884,72.71449171014598,182.18765073976752,deepseek,deepseek,0.8138875139804966,0.361541274208919,0.8069393224701995,0.14000000000000057,0.5586295233608344
deepseek-r1:7b,Draft a short email to a professor requesting an extension for a project deadlin,general,0.6680235862731934,11.602604453254086,2.8,22.2,56.10346208293374,67.14168415392918,114.89547256686012,deepseek,deepseek,0.364124329686262,0.2014872406285096,0.5488336655667688,0.12000000000000029,0.38432917094970387
deepseek-r1:7b,Describe a peaceful morning scene in a small village.,general,0.4801256656646728,13.496123871928168,3.2,22.2,62.14131144627275,67.56164016350795,186.038056872781,deepseek,deepseek,0.4295715085204684,0.21354860334045753,0.3895190913440808,0.12000000000000029,0.44598936614150847
deepseek-r1:8b,A train leaves City A at 9 AM at 60 km/h and another from City B at 10 AM at 90 ,reasoning,0.6017487049102783,19.906290335424444,3.4,22.2,57.14966294225188,65.55841298022807,213.32694164109083,deepseek,deepseek,0.6511310588245485,0.1560148400393742,0.4926406301579822,0.12000000000000029,0.4967287495100352
deepseek-r1:8b,"If all bloops are razzies and some razzies are lazzies, can we conclude that som",reasoning,0.1099488735198974,9.746319902675754,3.35,22.2,56.30063654932861,88.76280870904166,721.2328917743663,deepseek,deepseek,0.2999641284489567,0.8224575793099054,0.07565421281497231,0.12000000000000029,0.6395920826095598
deepseek-r1:8b,You are given a 3x3 grid with numbers 1 to 9. Find the path from top-left to bot,reasoning,0.1654810905456543,18.02255566345415,4.35,22.2,59.49643073845321,74.14610475510624,761.5078616288536,deepseek,deepseek,0.5860220777722369,0.40265797168335576,0.12273877597803681,0.12000000000000029,0.6186584674182941
deepseek-r1:8b,"In a group of 50 students, 30 play football, 25 play cricket, and 10 play both. ",reasoning,0.4823894500732422,12.080678868084542,2.7,22.2,56.86792254309427,91.9105968983926,225.5008521279825,deepseek,deepseek,0.38064838611520374,0.9128637509711451,0.3914385050768948,0.12000000000000029,0.6358307787220461
deepseek-r1:8b,Write a Python function to check if a string is a palindrome without using rever,coding,1.063587665557861,21.64190980221284,2.8,22.2,59.569218809656846,82.80852487300567,166.9295096851408,deepseek,deepseek,0.7111206192751993,0.6514473415748776,0.8842238745958768,0.12000000000000029,0.5910376752633677
deepseek-r1:8b,Implement a function in Python that returns the Fibonacci sequence up to n terms,coding,0.3253529071807861,2.8930449080589336,10.25,22.2,63.0725535528123,89.08632634589969,76.85358835244595,deepseek,deepseek,0.06308907464741785,0.8317491800320164,0.25829062410359127,0.12000000000000029,0.5111022590478538
deepseek-r1:8b,Write a Python script that counts how many times each word appears in a given te,coding,0.6775603294372559,19.88496261962184,4.5,22.2,56.7216965287826,70.21057229330069,203.05630586587628,deepseek,deepseek,0.6503938924577861,0.2896273603721993,0.5569196633879967,0.12000000000000029,0.5236618324171749
deepseek-r1:8b,Create a function that sorts a list of dictionaries by a key named 'score'.,coding,0.7161667346954346,23.360075950757807,1.8,22.2,59.76730361114557,94.281789562557,303.2953259527137,deepseek,deepseek,0.7705069271639473,0.9809656810068258,0.5896531976179459,0.12000000000000029,0.7725618356440375
deepseek-r1:8b,What are the three laws of thermodynamics?,factual,1.2001357078552246,12.271851340314658,2.25,22.2,60.6715485838824,64.23581385220507,65.14082290121908,deepseek,deepseek,0.38725602840016266,0.11802908095572098,1.0,0.12000000000000029,0.27831113564678134
deepseek-r1:8b,Who wrote the novel '1984' and what are its central themes?,factual,0.8868119716644287,9.914620679325,3.0,22.2,57.00787868186888,81.47114267506375,90.0696580170846,deepseek,deepseek,0.3057812385977462,0.6130370047635071,0.7343395953321961,0.12000000000000029,0.44735567780171137
deepseek-r1:8b,Explain how the human respiratory system works in simple terms.,factual,0.1884427070617675,5.827850641708223,1.95,22.1,59.71741544197987,72.66003603559288,213.38745268414843,deepseek,deepseek,0.16452703921199446,0.3599772779151941,0.14220743293220714,0.08000000000000114,0.43736251247291447
deepseek-r1:8b,What is the difference between supervised and unsupervised learning in machine l,factual,0.9058160781860352,13.051109529579971,3.55,22.1,59.28537306510401,77.66378979382999,110.67709458532264,deepseek,deepseek,0.4141901329928577,0.5036877800220833,0.7504527653405024,0.08000000000000114,0.4586918341356675
deepseek-r1:8b,Write a motivational paragraph for students preparing for exams.,general,1.09228253364563,15.464861882151732,2.65,22.1,59.24395068193407,79.8080152139329,111.96947195472146,deepseek,deepseek,0.4976185258164547,0.5652710886023818,0.9085536312902243,0.08000000000000114,0.47891801064925155
deepseek-r1:8b,Summarize the impact of social media on modern communication.,general,0.5152900218963623,12.74733562437752,2.6,22.1,58.98304037856248,66.23503116835165,160.73409682254837,deepseek,deepseek,0.4036905601324581,0.1754476787137041,0.41933418681040335,0.08000000000000114,0.42224369030501363
deepseek-r1:8b,Draft a short email to a professor requesting an extension for a project deadlin,general,0.9068245887756348,1.439157785940139,4.05,22.15,59.75103092734034,68.67030159010265,10.779313775629852,deepseek,deepseek,0.01283724752188028,0.2453899564486485,0.7513078596100973,0.1,0.21849031402132724
deepseek-r1:8b,Describe a peaceful morning scene in a small village.,general,1.0122342109680176,14.870066718917888,2.25,22.15,60.07801670184665,67.42826739770368,98.08543132159558,deepseek,deepseek,0.4770601597210359,0.20971806569468243,0.840682393528129,0.1,0.3756030048911933
llama3.2:1b,A train leaves City A at 9 AM at 60 km/h and another from City B at 10 AM at 90 ,reasoning,0.0968019962310791,22.582406028534148,2.55,22.4,58.79512138514634,72.87598905266142,1540.9030098627609,llama,llama,0.743627719075659,0.3661795648409504,0.06450726051851866,0.2,0.674403504978845
llama3.2:1b,"If all bloops are razzies and some razzies are lazzies, can we conclude that som",reasoning,0.9932353496551514,17.478088474321964,5.8,22.4,59.22905204239119,84.93693675684004,147.97477938593656,llama,llama,0.5672032364416082,0.712576476879064,0.8245736708186244,0.2,0.5557395034766377
llama3.2:1b,You are given a 3x3 grid with numbers 1 to 9. Find the path from top-left to bot,reasoning,0.5780093669891357,4.938510593501301,11.8,22.35,57.49019556290624,60.38674680712128,50.71697927893032,llama,llama,0.13378809003333889,0.007481802968373628,0.4725125600814907,0.18000000000000113,0.2432572648875494
llama3.2:1b,"In a group of 50 students, 30 play football, 25 play cricket, and 10 play both. ",reasoning,0.8248767852783203,15.095529639651891,20.35,22.4,55.37819933318249,66.07676722697269,119.4743722374103,llama,llama,0.48485300934710074,0.17090225310327217,0.6818260932319592,0.2,0.38884666102343013
llama3.2:1b,Write a Python function to check if a string is a palindrome without using rever,coding,0.3585155010223388,23.702468046541203,17.049999999999997,22.5,55.56484987329854,63.55135279118853,408.7545584022264,llama,llama,0.7823412904681515,0.09837099074906853,0.28640846862723807,0.24000000000000057,0.5611661196865335
llama3.2:1b,Implement a function in Python that returns the Fibonacci sequence up to n terms,coding,1.1069300174713137,1.0677502188304389,20.25,22.45,58.51606334914367,82.77899151776523,7.913413098858447,llama,llama,0.0,0.6505991277107327,0.9209729153438482,0.22000000000000028,0.2889851552444501
llama3.2:1b,Write a Python script that counts how many times each word appears in a given te,coding,0.2025613784790039,21.52797842628815,10.45,22.5,60.60031789363546,82.2235119147866,832.7505228378154,llama,llama,0.7071827208510091,0.6346454544263943,0.15417834840664402,0.24000000000000057,0.7184310549869931
llama3.2:1b,Create a function that sorts a list of dictionaries by a key named 'score'.,coding,0.8864626884460449,21.54718457054944,16.25,22.4,57.584880937650055,87.84885467254865,211.15161961977265,llama,llama,0.7078465576967196,0.7962083272817034,0.7340434456619935,0.2,0.6551924321308003
llama3.2:1b,What are the three laws of thermodynamics?,factual,0.0862696170806884,16.032889693197244,9.85,22.4,58.58008313590656,80.39900073564525,1338.977290371358,llama,llama,0.5172517111778863,0.5822445109901982,0.0555770845247545,0.2,0.650458620863263
llama3.2:1b,Who wrote the novel '1984' and what are its central themes?,factual,0.6205782890319824,9.04374844899274,2.55,22.4,62.14114919145951,73.9972248866889,106.1267568894713,llama,llama,0.2756806069178184,0.3983820617010465,0.50860582640616,0.2,0.40806569599620934
llama3.2:1b,Explain how the human respiratory system works in simple terms.,factual,0.1771292686462402,16.825838618058444,2.6,22.4,56.2092731658943,90.62914857311668,814.8973375544376,llama,llama,0.5446590192730536,0.8760598650992082,0.13261501371688453,0.2,0.734158564495607
llama3.2:1b,What is the difference between supervised and unsupervised learning in machine l,factual,0.206172227859497,28.78217091716099,4.7,22.3,58.75941914115347,63.808811064734186,849.5800428534684,llama,llama,0.957914996720861,0.10576533098851605,0.15723990933170637,0.16000000000000086,0.667447616118558
llama3.2:1b,Write a motivational paragraph for students preparing for exams.,general,0.13509202003479,18.447680592331647,3.05,22.3,61.10428248749667,79.84866201157833,1015.2333754547236,llama,llama,0.6007160000910309,0.566438486516207,0.0969725417707486,0.16000000000000086,0.6748234376371247
llama3.2:1b,Summarize the impact of social media on modern communication.,general,0.574662446975708,23.38029151921344,2.8,22.3,61.67512991561078,78.48192406715799,313.84438545189573,llama,llama,0.7712056535202249,0.5271850368599666,0.46967477914613076,0.16000000000000086,0.6567028166368538
llama3.2:1b,Draft a short email to a professor requesting an extension for a project deadlin,general,0.7608578205108643,22.933066576135648,3.65,22.3,59.59145944805367,91.73648392046238,272.9165920395447,llama,llama,0.7557478712867446,0.9078631324973669,0.627545800607784,0.16000000000000086,0.733148928142351
llama3.2:1b,Describe a peaceful morning scene in a small village.,general,0.4681205749511719,7.377796471425108,2.75,22.3,61.656117660108166,88.41602865416893,136.43325520738497,llama,llama,0.21809901787796737,0.812497869417232,0.3793402351367736,0.16000000000000086,0.5391209209490018
llama3.2:3b,A train leaves City A at 9 AM at 60 km/h and another from City B at 10 AM at 90 ,reasoning,0.2025716304779052,19.851444138606745,3.95,22.25,60.24561574656322,89.17877331981498,832.8145354710391,llama,llama,0.6492353672271433,0.8344043068990725,0.15418704085430177,0.14000000000000057,0.7651780307897187
llama3.2:3b,"If all bloops are razzies and some razzies are lazzies, can we conclude that som",reasoning,0.9990038871765136,14.099780021229314,2.9,22.25,58.259351041149486,91.54252937609596,127.92116494235836,llama,llama,0.4504361437431403,0.9022926535522496,0.8294646887507395,0.14000000000000057,0.5709693158127831
llama3.2:3b,You are given a 3x3 grid with numbers 1 to 9. Find the path from top-left to bot,reasoning,0.9096252918243408,22.58305097148625,2.1,22.2,58.93616753035016,86.23166200551597,211.75733592139105,llama,llama,0.7436500107386375,0.749761683139741,0.7536825150202463,0.12000000000000029,0.659652006233328
llama3.2:3b,"In a group of 50 students, 30 play football, 25 play cricket, and 10 play both. ",reasoning,1.0293021202087402,25.18932488571166,5.449999999999999,22.25,57.7766205094872,68.7098085320258,166.5303722848776,llama,llama,0.8337326754702616,0.24652461709239765,0.8551539038287806,0.14000000000000057,0.5224196745500679
llama3.2:3b,Write a Python function to check if a string is a palindrome without using rever,coding,0.5805375576019287,6.314197143315866,4.8,22.3,59.61645230855624,61.09823902529789,65.32799164913028,llama,llama,0.18133701018572482,0.027916242563044945,0.4746561581038982,0.16000000000000086,0.2699784452224237
llama3.2:3b,Implement a function in Python that returns the Fibonacci sequence up to n terms,coding,0.3625364303588867,22.15696471851776,2.4,22.3,59.70439009383139,79.40971597022448,472.2969706250658,llama,llama,0.7289228614304182,0.5538317198668792,0.28981772745861334,0.16000000000000086,0.6837551150405082
llama3.2:3b,Write a Python script that counts how many times each word appears in a given te,coding,0.9847347736358644,17.84885394103997,2.5,22.25,57.28925338823602,62.74230065867241,112.58057826692664,llama,llama,0.580018290550128,0.07513457788539805,0.817366216660673,0.14000000000000057,0.37707444625353603
llama3.2:3b,Create a function that sorts a list of dictionaries by a key named 'score'.,coding,0.516181468963623,20.059843088276203,3.4,22.3,60.33179753661236,82.19818136191321,313.3676720902617,llama,llama,0.6564384215995291,0.6339179473091453,0.4200900254567426,0.16000000000000086,0.6527327477412067
llama3.2:3b,What are the three laws of thermodynamics?,factual,0.4282853603363037,10.33019831883348,2.85,22.3,59.6124859484099,69.13220473552403,162.94164710137326,llama,llama,0.3201451705564975,0.2586560634875855,0.34556482008755923,0.16000000000000086,0.4205419232513627
llama3.2:3b,Who wrote the novel '1984' and what are its central themes?,factual,0.3927819728851318,24.27973599677554,4.0,22.25,56.9449755877193,77.92187732352656,469.7138246373074,llama,llama,0.8022938499199567,0.5111001928369951,0.315462267398692,0.14000000000000057,0.6971551443393428
llama3.2:3b,Explain how the human respiratory system works in simple terms.,factual,1.0011718273162842,23.084214933302743,2.65,22.2,58.24138090347087,80.26860828032206,183.24658142996884,llama,llama,0.7609721290706644,0.5784995694661278,0.8313028382054503,0.12000000000000029,0.599678154827014
llama3.2:3b,What is the difference between supervised and unsupervised learning in machine l,factual,0.3085837364196777,23.524388487808924,2.9,22.2,59.63151241116266,63.874724244367606,471.6542798332752,llama,llama,0.776186188697276,0.1076583929972104,0.2440724076846897,0.12000000000000029,0.5819575118411355
llama3.2:3b,Write a motivational paragraph for students preparing for exams.,general,1.148243427276611,22.8454920205606,2.45,22.2,58.486693410468654,81.81107656352685,161.36627696823248,llama,llama,0.7527209640665061,0.6228000890707156,0.9560016600553525,0.12000000000000029,0.5847280803367466
llama3.2:3b,Summarize the impact of social media on modern communication.,general,0.0667393207550048,1.693388261868091,4.95,22.2,58.27593496825018,83.63166370503843,184.5479947506251,llama,llama,0.0216244124482443,0.6750883320333656,0.039017769586661914,0.12000000000000029,0.49137271067197497
llama3.2:3b,Draft a short email to a professor requesting an extension for a project deadlin,general,0.6842100620269775,10.788714098303702,2.8,22.2,59.35745157407001,87.33144604273359,135.7217439913561,llama,llama,0.3359932067167532,0.7813480728451707,0.5625578275187934,0.12000000000000029,0.5442901390364938
llama3.2:3b,Describe a peaceful morning scene in a small village.,general,0.9202980995178224,27.7188066846632,2.5,22.2,59.49689137289018,63.83807399592276,190.2094858767696,llama,llama,0.9211611148203975,0.10660577812828723,0.7627317573319281,0.12000000000000029,0.5358998279002596
llama3.1:8b,A train leaves City A at 9 AM at 60 km/h and another from City B at 10 AM at 90 ,reasoning,0.6731443405151367,5.747978280155349,3.1,22.2,58.1743064287277,88.0688477230633,74.10115166712126,llama,llama,0.16176634889167987,0.8025266461433064,0.5531754420968771,0.12000000000000029,0.4828294449802884
llama3.1:8b,"If all bloops are razzies and some razzies are lazzies, can we conclude that som",reasoning,1.0365729331970217,6.013699609360262,11.75,22.3,58.779355961625626,62.51789335385978,35.92332831422045,llama,llama,0.17095068108337957,0.06868947926359084,0.8613186685676849,0.16000000000000086,0.20072338249889202
llama3.1:8b,You are given a 3x3 grid with numbers 1 to 9. Find the path from top-left to bot,reasoning,0.6546924114227295,24.779774917035507,12.1,22.3,61.8947177512907,66.80881390008363,249.06367854789903,llama,llama,0.8195770825689431,0.19192702771078918,0.5375304513624198,0.16000000000000086,0.5619028510683299
llama3.1:8b,"In a group of 50 students, 30 play football, 25 play cricket, and 10 play both. ",reasoning,0.8819334506988525,18.151082796773952,10.6,22.3,61.4273102057012,93.34262007115566,189.9547128826548,llama,llama,0.5904644606685894,0.9539922275369036,0.7302032031467469,0.16000000000000086,0.6603428118991574
llama3.1:8b,Write a Python function to check if a string is a palindrome without using rever,coding,0.1518168449401855,4.184355596484642,11.9,22.4,57.96795058690404,77.8468480158506,201.30097968738724,llama,llama,0.10772164652518534,0.5089453107225236,0.11115315829978145,0.2,0.45354162016687494
llama3.1:8b,Implement a function in Python that returns the Fibonacci sequence up to n terms,coding,0.917372703552246,22.23138054573795,13.75,22.4,59.08204063158415,91.46423236135846,219.26202358128864,llama,llama,0.7314949533266742,0.9000439211315397,0.7602513775002663,0.2,0.6905608821700784
llama3.1:8b,Write a Python script that counts how many times each word appears in a given te,coding,0.202350378036499,19.762733466488427,6.25,22.4,59.460248825423776,60.12624323102533,559.5746663148243,llama,llama,0.6461691915305161,0.0,0.15399944570484933,0.2,0.5076677874712365
llama3.1:8b,Create a function that sorts a list of dictionaries by a key named 'score'.,coding,1.1995849609375,22.769516292319008,8.3,22.4,58.40748833207104,65.64916106889831,123.57954925107506,llama,llama,0.7500949561025803,0.158621174007462,0.9995330336258241,0.2,0.4277177279181059
llama3.1:8b,What are the three laws of thermodynamics?,factual,1.059622287750244,9.385760992029,3.15,22.4,57.515587409915774,62.25834984769971,54.63068581505454,llama,llama,0.28750185144633233,0.061235250020705935,0.8808617167018102,0.2,0.2371989722443827
llama3.1:8b,Who wrote the novel '1984' and what are its central themes?,factual,1.137387752532959,8.974902835541503,2.95,22.35,58.94464505323582,77.35197171234861,60.504953859174286,llama,llama,0.2733010426360595,0.49473219682977937,0.946797368735449,0.18000000000000113,0.3503806023562677
llama3.1:8b,Explain how the human respiratory system works in simple terms.,factual,0.7543518543243408,14.213588158440231,2.85,22.3,55.24204486437168,66.69881557919848,124.03050897763676,llama,llama,0.4543697825721767,0.1887678167085896,0.6220295328941423,0.16000000000000086,0.39797235146261906
llama3.1:8b,What is the difference between supervised and unsupervised learning in machine l,factual,0.0973579883575439,28.86214315785609,5.05,22.3,57.161530663901615,67.47943747934222,1814.118552831024,llama,llama,0.9606791392413583,0.21118769799084017,0.06497867419149621,0.16000000000000086,0.718632230255496
llama3.1:8b,Write a motivational paragraph for students preparing for exams.,general,0.3914084434509277,8.26536127701208,2.45,22.3,60.47769728924528,70.35378169893175,144.86477114096883,llama,llama,0.2487766079704282,0.2937404116101405,0.31429768156248966,0.16000000000000086,0.40877323035871543
llama3.1:8b,Summarize the impact of social media on modern communication.,general,0.4703500270843506,26.860812488677933,3.0,22.3,57.17401329280168,85.54798771916423,478.37791763144384,llama,llama,0.8915055966199665,0.7301261895250845,0.38123053927743117,0.16000000000000086,0.7833939876500258
llama3.1:8b,Draft a short email to a professor requesting an extension for a project deadlin,general,0.4583971500396728,2.610313417255875,2.95,22.3,57.44272247506845,71.56016466786399,39.87950352766745,llama,llama,0.053316807060319764,0.3283883800304592,0.37109595390819516,0.16000000000000086,0.32962404605162654
llama3.1:8b,Describe a peaceful morning scene in a small village.,general,1.0620293617248535,1.5238485442156309,3.9,22.3,59.96084279127329,68.1255494534837,9.683785077635372,llama,llama,0.015764479821584885,0.22974438177414813,0.8829026225518883,0.16000000000000086,0.18264858195050065
smollm2:135m,A train leaves City A at 9 AM at 60 km/h and another from City B at 10 AM at 90 ,reasoning,0.0207211971282959,12.99328377663729,0.0,22.4,62.41911975518053,90.4767009771339,3826.639456986118,smollm,smollm,0.41219145668843804,0.8716814880602486,0.0,0.2,0.7063810290934498
smollm2:135m,"If all bloops are razzies and some razzies are lazzies, can we conclude that som",reasoning,0.4735634326934814,9.34108774199852,2.3,22.4,60.911705740852256,72.61535567199111,140.2724777947509,smollm,smollm,0.2859577752910968,0.3586940338153104,0.38395511624329387,0.2,0.42520029701237305
smollm2:135m,You are given a 3x3 grid with numbers 1 to 9. Find the path from top-left to bot,reasoning,0.7512381076812744,29.999775287028225,2.25,22.3,59.494681688216986,74.87078576084487,295.05968312992144,smollm,smollm,1.0,0.42347120035804486,0.6193894546055114,0.16000000000000086,0.6871634691863112
smollm2:135m,"In a group of 50 students, 30 play football, 25 play cricket, and 10 play both. ",reasoning,0.0752050876617431,16.738903878959405,2.4,22.3,54.43277101074601,60.18298212867892,1182.3204231657712,smollm,smollm,0.541654226525428,0.0016295716905266563,0.04619570985256592,0.16000000000000086,0.49191142014681594
smollm2:135m,Write a Python function to check if a string is a palindrome without using rever,coding,0.160527229309082,7.134401839205096,3.75,22.3,57.76556719388121,68.34840717886077,285.9514013446959,smollm,smollm,0.20968638061368017,0.23614497564022624,0.11853850440979996,0.16000000000000086,0.41501034405557985
smollm2:135m,Implement a function in Python that returns the Fibonacci sequence up to n terms,coding,0.6400554180145264,11.49490418764565,2.7,22.3,60.733135718251376,91.04922358106349,161.00198112654817,smollm,smollm,0.36040180195601956,0.8881246455083585,0.5251200619063994,0.16000000000000086,0.5895741020536355
smollm2:135m,Write a Python script that counts how many times each word appears in a given te,coding,0.5442616939544678,29.76494089082771,3.35,22.3,60.77275891253545,83.82137516965265,450.1372374323892,smollm,smollm,0.9918832368060317,0.680536947443399,0.44389863959151155,0.16000000000000086,0.7961346510371301
smollm2:135m,Create a function that sorts a list of dictionaries by a key named 'score'.,coding,0.755723237991333,16.111663394430607,2.9,22.3,58.02067926717642,86.36065792728479,181.7123709992104,smollm,smollm,0.5199744276502963,0.7534665154681947,0.623192299380835,0.16000000000000086,0.5933912658244099
smollm2:135m,What are the three laws of thermodynamics?,factual,1.089958906173706,28.888109246857272,3.7,22.25,60.14918306904013,71.65886769943667,188.1969578125775,smollm,smollm,0.9615766252949608,0.33122318424188385,0.9065834779210818,0.14000000000000057,0.5886809098063331
smollm2:135m,Who wrote the novel '1984' and what are its central themes?,factual,0.6973164081573486,5.134912311249243,2.95,22.25,59.58352132545051,81.11337012863338,58.88595797819806,smollm,smollm,0.14057647478293692,0.602761584594613,0.5736704143245068,0.14000000000000057,0.40832498242665727
smollm2:135m,Explain how the human respiratory system works in simple terms.,factual,0.8487503528594971,26.574275049348927,3.2,22.2,59.45119030712428,75.16023303774597,232.5854887706827,smollm,smollm,0.881601781084981,0.43178428199769453,0.7020679737277845,0.12000000000000029,0.6297624022877438
smollm2:135m,What is the difference between supervised and unsupervised learning in machine l,factual,0.1124536991119384,6.23191729284769,4.1,22.2,61.90460239861599,84.07569193642803,427.87826116040856,smollm,smollm,0.1784931079606221,0.687841061916923,0.0777780001427178,0.12000000000000029,0.5501939617307822
smollm2:135m,Write a motivational paragraph for students preparing for exams.,general,0.4048812389373779,10.604259922246746,3.55,22.3,57.66354067806306,85.60614024755135,218.8071373028185,smollm,smollm,0.32961777410800336,0.7317963614514191,0.3257209728344838,0.16000000000000086,0.5702418235117303
smollm2:135m,Summarize the impact of social media on modern communication.,general,0.6986474990844727,28.155176252841976,3.3,22.3,62.4537894420568,80.16965973816045,318.5209717065852,smollm,smollm,0.9362436943201103,0.575657714058399,0.5747990174704047,0.16000000000000086,0.7162349884514829
smollm2:135m,Draft a short email to a professor requesting an extension for a project deadlin,general,0.644416093826294,3.130887757836863,3.5,22.3,55.37219673476464,65.08536871281765,31.138443268687176,smollm,smollm,0.07130982135343973,0.14242875397819935,0.5288173844101558,0.16000000000000086,0.24948907785280444
smollm2:135m,Describe a peaceful morning scene in a small village.,general,0.8711214065551758,8.87334476601313,3.85,22.3,61.13545274749181,65.87235998008312,66.33684714793061,smollm,smollm,0.26979081238812547,0.16503156691364304,0.7210359052668753,0.16000000000000086,0.297218613975968
smollm2:360m,A train leaves City A at 9 AM at 60 km/h and another from City B at 10 AM at 90 ,reasoning,0.3383233547210693,15.115800334402516,3.95,22.2,58.49530440130778,89.22366896372586,387.1940100710472,smollm,smollm,0.48555364107622595,0.8356937339653471,0.26928798544035226,0.12000000000000029,0.679071979532024
smollm2:360m,"If all bloops are razzies and some razzies are lazzies, can we conclude that som",reasoning,0.5973405838012695,27.4814876310564,3.45,22.2,60.05881102056508,85.63713323372644,387.4985272665164,smollm,smollm,0.9129584724872944,0.7326864967019163,0.48890307981506514,0.12000000000000029,0.7752087220424796
smollm2:360m,You are given a 3x3 grid with numbers 1 to 9. Find the path from top-left to bot,reasoning,0.6588015556335449,17.362320484821435,3.2,22.2,60.98652487110352,82.23327131164518,213.4804261445776,smollm,smollm,0.5632018577193223,0.6349257495589233,0.5410145056736414,0.12000000000000029,0.5955555668206777
smollm2:360m,"In a group of 50 students, 30 play football, 25 play cricket, and 10 play both. ",reasoning,0.9732382297515868,14.924370685529356,3.55,22.2,59.53167034568607,86.7632287513434,131.69611886282917,smollm,smollm,0.47893710979568377,0.7650285662913011,0.8076185462871827,0.12000000000000029,0.5475597045482272
smollm2:360m,Write a Python function to check if a string is a palindrome without using rever,coding,0.3584175109863281,25.547743468214545,3.85,22.2,60.83715180977709,80.26294322601933,556.5797016684978,smollm,smollm,0.8461209746528467,0.5783368660563193,0.286325384999625,0.12000000000000029,0.7426843726781095
smollm2:360m,Implement a function in Python that returns the Fibonacci sequence up to n terms,coding,0.7488019466400146,1.6231013809145225,3.25,22.2,59.55020473550394,82.36004236189946,17.617073741271838,smollm,smollm,0.01919503252105668,0.6385666823795421,0.6173238864620788,0.12000000000000029,0.3637832404298695
smollm2:360m,Write a Python script that counts how many times each word appears in a given te,coding,0.4316966533660888,14.262799258107076,3.6,22.2,61.85785224148295,79.1178407590651,255.47892923384853,smollm,smollm,0.4560707039404821,0.5454489066480596,0.3484571815082124,0.12000000000000029,0.5643715172689682
smollm2:360m,Create a function that sorts a list of dictionaries by a key named 'score'.,coding,1.0614545345306396,29.237322634309272,3.1500000000000004,22.2,61.093011259432615,93.92484102329156,256.2974715093385,smollm,smollm,0.9736467581884877,0.9707139267673789,0.8824152390332138,0.12000000000000029,0.792189833498966
smollm2:360m,What are the three laws of thermodynamics?,factual,0.4334726333618164,1.5468589005876705,2.95,22.2,59.7727447483664,71.05322639167055,24.78378763222454,smollm,smollm,0.016559804598118854,0.31382883978749043,0.3499629964524706,0.12000000000000029,0.3187799744850005
smollm2:360m,Who wrote the novel '1984' and what are its central themes?,factual,0.8854663372039795,13.2752750953762,3.3,22.2,57.26383198784714,79.53867251545763,117.9159633918448,smollm,smollm,0.4219381411349712,0.5575354212800269,0.7331986610396208,0.12000000000000029,0.47739615063007235
smollm2:360m,Explain how the human respiratory system works in simple terms.,factual,0.650740385055542,12.651770254433252,3.8,22.3,57.543695104008265,83.19494680350508,159.3005932578593,smollm,smollm,0.40038746020360744,0.6625455874799175,0.534179613865303,0.16000000000000086,0.5360827375523576
smollm2:360m,What is the difference between supervised and unsupervised learning in machine l,factual,0.4582903385162353,10.53953783430424,4.3,22.3,60.25557030243902,67.89650954271647,152.81071854055554,smollm,smollm,0.3273807344334577,0.2231662322149916,0.3710053907325974,0.16000000000000086,0.407701085291361
smollm2:360m,Write a motivational paragraph for students preparing for exams.,general,0.589432954788208,27.53678929635783,8.35,22.35,58.23443876149835,75.70342889714235,347.7668943458336,smollm,smollm,0.9148699067948162,0.4473851595524164,0.4821983725716485,0.18000000000000113,0.6857238360693216
smollm2:360m,Summarize the impact of social media on modern communication.,general,0.1651434898376464,8.603190677322923,3.5,22.35,56.45294596716501,90.89655273738109,446.4912603008668,smollm,smollm,0.2604532672956749,0.8837398566752624,0.12245253165516527,0.18000000000000113,0.6268127575898155
smollm2:360m,Draft a short email to a professor requesting an extension for a project deadlin,general,0.5232758522033691,9.79151956178535,3.0,22.35,59.41497230350649,87.24339298466356,160.18827507683332,smollm,smollm,0.30152639928907427,0.7788191416070057,0.4261051992359541,0.18000000000000113,0.5510352623505405
smollm2:360m,Describe a peaceful morning scene in a small village.,general,0.1027908325195312,6.823013299105929,1.85,22.3,58.33362673567984,84.23309207783488,509.5480675456142,smollm,smollm,0.1989236172272539,0.6923616787270602,0.06958506500030419,0.16000000000000086,0.5573609375089588
smollm2:1.7b,A train leaves City A at 9 AM at 60 km/h and another from City B at 10 AM at 90 ,reasoning,0.4191818237304687,11.095936071310843,3.3,22.3,59.40653420216249,68.86759854991425,178.04819045049857,smollm,smollm,0.3466119578163726,0.2510564313650074,0.3378461287173606,0.16000000000000086,0.4303924867925791
smollm2:1.7b,"If all bloops are razzies and some razzies are lazzies, can we conclude that som",reasoning,0.237980842590332,19.48735956294656,3.25,22.3,58.71305713108775,74.20603568183695,583.1416991601016,smollm,smollm,0.6366512299328483,0.404379220167661,0.18420974431468437,0.16000000000000086,0.6231323091605008
smollm2:1.7b,You are given a 3x3 grid with numbers 1 to 9. Find the path from top-left to bot,reasoning,0.7636897563934326,21.61882072029709,2.55,22.3,57.88199332147137,69.8151889574135,195.08104393933263,smollm,smollm,0.7103225734466988,0.27827173807933425,0.6299469376607977,0.16000000000000086,0.5256211632703202
smollm2:1.7b,"In a group of 50 students, 30 play football, 25 play cricket, and 10 play both. ",reasoning,0.296860933303833,17.93264449928392,4.6,22.3,55.50843906121203,72.34915786613502,422.8012063534202,smollm,smollm,0.5829144085386353,0.3510486895022822,0.2341328970128909,0.16000000000000086,0.5756537908635606
smollm2:1.7b,Write a Python function to check if a string is a palindrome without using rever,coding,0.7512445449829102,29.680785991228667,2.65,22.3,60.356973244583656,64.21356349584893,250.36751309623543,smollm,smollm,0.9889745258049637,0.11739003874091693,0.6193949126540408,0.16000000000000086,0.5909278394134524
smollm2:1.7b,Implement a function in Python that returns the Fibonacci sequence up to n terms,coding,0.8094573020935059,29.56091557321389,3.75,22.2,56.85446827525673,82.84679030314015,298.8596193366314,smollm,smollm,0.9848313516672315,0.6525463453315893,0.6687522476547069,0.12000000000000029,0.743945994735428
smollm2:1.7b,Write a Python script that counts how many times each word appears in a given te,coding,0.9013097286224364,19.87612686543641,2.8,22.3,59.49887146700998,77.71564308961999,169.50175477806624,smollm,smollm,0.6500884954396167,0.5051770345965335,0.7466319292200265,0.16000000000000086,0.5462621227108014
smollm2:1.7b,Create a function that sorts a list of dictionaries by a key named 'score'.,coding,0.8079521656036377,18.1141708777502,2.5,22.25,58.07424800613967,78.99054396100982,174.93054865625592,smollm,smollm,0.5891886454106963,0.5417928740675175,0.6674760750485715,0.14000000000000057,0.5507181053748195
smollm2:1.7b,What are the three laws of thermodynamics?,factual,0.3712360858917236,14.80904081926754,2.7,22.2,57.863704434261805,79.61551540888976,309.2649046533682,smollm,smollm,0.47495087426637106,0.5597423905539042,0.2971939768210829,0.12000000000000029,0.5864642715085031
smollm2:1.7b,Who wrote the novel '1984' and what are its central themes?,factual,0.7232184410095215,26.24045609127208,2.45,22.2,58.65421521543252,60.670198675703055,217.12679269312943,smollm,smollm,0.870063737782102,0.015622693252985638,0.5956321865569073,0.12000000000000029,0.5215858657773551
smollm2:1.7b,Explain how the human respiratory system works in simple terms.,factual,1.0807034969329834,12.07877819132246,2.15,22.2,60.150683840689794,73.15417189366974,81.01312763351346,smollm,smollm,0.38058269155156355,0.3741691258166509,0.8987360170355803,0.12000000000000029,0.3727366109585046
smollm2:1.7b,What is the difference between supervised and unsupervised learning in machine l,factual,1.1255247592926023,18.99766154871212,2.7,22.2,56.4855315744567,94.86380385070376,158.70992015196512,smollm,smollm,0.6197254180313262,0.9976814447362591,0.9367389938956779,0.12000000000000029,0.6478468018542726
smollm2:1.7b,Write a motivational paragraph for students preparing for exams.,general,0.3195805549621582,20.04861057542444,2.55,22.2,56.8056787398472,90.69853931729104,551.7254180062212,smollm,smollm,0.656050183554481,0.8780528046339428,0.25339637177234764,0.12000000000000029,0.7631566404575056
smollm2:1.7b,Summarize the impact of social media on modern communication.,general,1.1020934581756592,20.01626049808051,2.85,22.2,58.67475268835333,72.59269182028096,130.6575647082091,smollm,smollm,0.6549320427652456,0.35804311579130094,0.9168721015488123,0.12000000000000029,0.47401133153372604
smollm2:1.7b,Draft a short email to a professor requesting an extension for a project deadlin,general,0.1524689197540283,7.730362118894511,2.8,22.2,59.88652088171325,71.6969009301244,341.1378667572043,smollm,smollm,0.23028501753192676,0.3323155191054617,0.11170603840080794,0.12000000000000029,0.4574674550642476
smollm2:1.7b,Describe a peaceful morning scene in a small village.,general,0.0890262126922607,22.67707416909624,2.7,22.2,57.009204571073965,94.73711534033252,2169.486778026448,smollm,smollm,0.7468998073701681,0.9940428825055232,0.05791434219498046,0.12000000000000029,0.8733899192607281
